{
  "table": {
    "[1, \"Goa\", 29, 10, 4, 9]": {
      "keep_plan": 0.07180769230769231
    },
    "[0, \"Unknown\", 30, 7, 5, 7]": {
      "keep_plan": 0.026999999999999993
    }
  },
  "episodes": 2,
  "epsilon": 0.2970075,
  "reward_history": [
    0.7180769230769231,
    0.2699999999999999
  ]
}